{
  "min_exp": 12,
  "max_exp": 18,
  "train_windows": 3,
  "b1_y": 11,
  "tuple_y": 11,
  "ie_order": 2,
  "max_rank": 64,
  "max_correction_rank": 20,
  "pair_grid": [
    0.0,
    0.015625,
    0.03125,
    0.0625,
    0.125
  ],
  "exclusion_grid": [
    0.0,
    0.015625,
    0.03125,
    0.0625,
    0.125
  ]
}