exp,X,n,pair_alpha,exclusion_alpha,bits_per_gap,delta_vs_B1_bits_per_gap
12.0,4096.0,464.0,0.0,0.0,1.8248967919865362,0.0
13.0,8192.0,872.0,0.0,0.0,1.9535628248225994,0.0
14.0,16384.0,1612.0,0.0,0.0,2.1034336493683,0.0
15.0,32768.0,3030.0,0.0,0.0,2.22688171530662,0.0
