{
  "ok": true,
  "generated_from": "experiments/final_manifest.json",
  "paper_scale": {
    "max_exp": 26,
    "X": 67108864,
    "nulls": 200,
    "seed": 20260616,
    "artifact_directories": [
      "paper_b1_y11_depth4_stop_time_x26_n200",
      "paper_ctw_rank64_depth1_stop_time_x26_n200",
      "paper_ladder_b0_b1_y11_x26_n200"
    ]
  },
  "paper_b1_stop_time_latest": {
    "label": "Paper B1(11) bucket residual stop-time null",
    "X": 67108864,
    "n": 3645744,
    "R_bits_per_gap": -2.7429243523407067e-7,
    "B1_exact_bits_per_gap": 3.1704284777012335,
    "U1_exact_bits_per_gap": 3.170428751993669,
    "null_mean": -2.7425414055848714e-7,
    "null_sd": 1.2035362132615912e-10,
    "null_p05": -2.7445474076652e-7,
    "null_p95": -2.7406420776259464e-7,
    "z_vs_null": -0.31818465586295164
  },
  "paper_ctw_rank64_stop_time_latest": [
    {
      "label": "B0",
      "X": 67108864,
      "n": 3645744,
      "R_bits_per_gap": 0.2674244536300398,
      "total_gain_bits": 974961.0972749958,
      "final_ctw_weight": 1.0,
      "B_exact_bits_per_gap": 4.563439906212204,
      "U_exact_bits_per_gap": 4.296015452582619,
      "null_mean": -2.742536225148786e-7,
      "null_sd": 1.3239419899629498e-10,
      "null_p95": -2.74048885936451e-7,
      "empirical_p_ge": 0.004975124378109453
    },
    {
      "label": "B1(11)",
      "X": 67108864,
      "n": 3645744,
      "R_bits_per_gap": -2.742924352340597e-7,
      "total_gain_bits": -0.9999999999999618,
      "final_ctw_weight": 0.0,
      "B_exact_bits_per_gap": 3.1704284777012335,
      "U_exact_bits_per_gap": 3.170428751993669,
      "null_mean": -2.742541405584825e-7,
      "null_sd": 1.2035362132641004e-10,
      "null_p95": -2.740642077625828e-7,
      "empirical_p_ge": 0.6119402985074627
    }
  ],
  "paper_baseline_ladder_latest": [
    {
      "label": "B0",
      "X": 67108864,
      "n": 3645744,
      "baseline_exact_bits_per_gap": 4.563439906212204,
      "residual_exact_bits_per_gap": 4.563292269169895,
      "R_bits_per_gap": 0.00014763704241220558,
      "null_mean": -2.742924352340716e-7
    },
    {
      "label": "B1(11)",
      "X": 67108864,
      "n": 3645744,
      "baseline_exact_bits_per_gap": 3.1704284777012335,
      "residual_exact_bits_per_gap": 3.170428751993669,
      "R_bits_per_gap": -2.7429243523407067e-7,
      "null_mean": -2.7429243523406993e-7
    },
    {
      "label": "B0 minus B1(11)",
      "X": 67108864,
      "baseline_exact_bits_per_gap": 1.3930114285109703
    }
  ],
  "conclusion": {
    "residual_beyond_B1_detected": false,
    "positive_controls_pass": true,
    "paper_scale_runs_complete": true,
    "strong_residual_hypothesis_status": "not supported at X <= 2^26 by these tests",
    "best_current_baseline": "B1(11) wheel-first-hit among tested families"
  },
  "notes": [
    "The B0 controls show large residual signal under CTW/rank-mod, confirming the residual machinery is active.",
    "The same residual machinery gives ordinary null-level behavior against B1(11).",
    "Huge z-scores in the B0 baseline-ladder rows are not treated as primary evidence because the null variance is nearly degenerate; effect sizes and empirical null ranks are preferred."
  ]
}
